customer_id,name,email,phone
1,Vladimir Orlov,vladimir.orlov1@example.com,+79885758835
2,Alex Bogdanova,alex.bogdanova2@example.com,+79496043327
3,Ksenia Petrova,ksenia.petrova3@example.com,+79201415220
4,Mikhail Kozlova,mikhail.kozlova4@example.com,+79668548027
5,Tatiana Makarov,tatiana.makarov5@example.com,+79816033628
6,Maria Vasilyev,maria.vasilyev6@example.com,+79286749454
7,Yulia Kuznetsova,yulia.kuznetsova7@example.com,+79996081045
8,Elena Makarov,elena.makarov8@example.com,+79945801848
9,Tatiana Smirnov,tatiana.smirnov9@example.com,+79030998324
10,Ludmila Sokolova,ludmila.sokolova10@example.com,+79762123506
11,Svetlana Volkova,svetlana.volkova11@example.com,+79591458887
12,Alex Bogdanova,alex.bogdanova12@example.com,+79438076670
13,Ivan Sokolova,ivan.sokolova13@example.com,+79903452470
14,Olga Makarov,olga.makarov14@example.com,+79126128312
15,Petr Nikolaeva,petr.nikolaeva15@example.com,+79769446962
16,Elena Orlov,elena.orlov16@example.com,+79757429971
17,Nikolay Fedorova,nikolay.fedorova17@example.com,+79896278008
18,Tatiana Nikolaeva,tatiana.nikolaeva18@example.com,+79261704064
19,Andrey Bogdanova,andrey.bogdanova19@example.com,+79155308128
20,Vladimir Vasilyev,vladimir.vasilyev20@example.com,+79989848389
21,Ludmila Orlov,ludmila.orlov21@example.com,+79801325519
22,Petr Sidorov,petr.sidorov22@example.com,+79296618390
23,Ksenia Lebedev,ksenia.lebedev23@example.com,+79845805127
24,Mikhail Morozov,mikhail.morozov24@example.com,+79881058292
25,Alex Volkova,alex.volkova25@example.com,+79779591310
26,Elena Kravtsov,elena.kravtsov26@example.com,+79622687986
27,Tatiana Kuznetsova,tatiana.kuznetsova27@example.com,+79479476614
28,Yulia Nikolaeva,yulia.nikolaeva28@example.com,+79370574014
29,Sergey Bogdanova,sergey.bogdanova29@example.com,+79819128302
30,Yulia Novikov,yulia.novikov30@example.com,+79488922557
31,Sergey Vasilyev,sergey.vasilyev31@example.com,+79748933239
32,Anna Kravtsov,anna.kravtsov32@example.com,+79411211819
33,Anna Fedorova,anna.fedorova33@example.com,+79046865930
34,Sergey Nikolaeva,sergey.nikolaeva34@example.com,+79757232668
35,Vladimir Novikov,vladimir.novikov35@example.com,+79712630453
36,Petr Nikolaeva,petr.nikolaeva36@example.com,+79039749508
37,Petr Orlov,petr.orlov37@example.com,+79633701411
38,Sergey Smirnov,sergey.smirnov38@example.com,+79938654765
39,Andrey Smirnov,andrey.smirnov39@example.com,+79564735673
40,Andrey Ivanov,andrey.ivanov40@example.com,+79775718152
41,Petr Fedorova,petr.fedorova41@example.com,+79935157154
42,Petr Sidorov,petr.sidorov42@example.com,+79504111692
43,Nikolay Lebedev,nikolay.lebedev43@example.com,+79669219685
44,Vladimir Sidorov,vladimir.sidorov44@example.com,+79914576023
45,Sergey Bogdanova,sergey.bogdanova45@example.com,+79408031980
46,Sergey Nikolaeva,sergey.nikolaeva46@example.com,+79936714132
47,Yulia Petrova,yulia.petrova47@example.com,+79662992051
48,Ivan Sokolova,ivan.sokolova48@example.com,+79677703980
49,Elena Sokolova,elena.sokolova49@example.com,+79801834280
50,Ivan Fedorova,ivan.fedorova50@example.com,+79105702499
51,Olga Makarov,olga.makarov51@example.com,+79178632824
52,Elena Ivanov,elena.ivanov52@example.com,+79049382425
53,Sergey Petrova,sergey.petrova53@example.com,+79315001254
54,Irina Kozlova,irina.kozlova54@example.com,+79462446417
55,Petr Sokolova,petr.sokolova55@example.com,+79570335494
56,Ksenia Kravtsov,ksenia.kravtsov56@example.com,+79732077572
57,Svetlana Popov,svetlana.popov57@example.com,+79187979290
58,Ivan Kozlov,ivan.kozlov58@example.com,+79935056899
59,Vladimir Kozlov,vladimir.kozlov59@example.com,+79733510170
60,Anna Nikolaeva,anna.nikolaeva60@example.com,+79980142695
61,Roman Kuznetsova,roman.kuznetsova61@example.com,+79249310440
62,Andrey Morozov,andrey.morozov62@example.com,+79493460064
63,Nikolay Ivanov,nikolay.ivanov63@example.com,+79965195684
64,Andrey Volkova,andrey.volkova64@example.com,+79727579147
65,Yulia Popov,yulia.popov65@example.com,+79079308612
66,Andrey Kozlova,andrey.kozlova66@example.com,+79630900313
67,Elena Fedorova,elena.fedorova67@example.com,+79741218491
68,Nikolay Makarov,nikolay.makarov68@example.com,+79907638182
69,Elena Vasilyev,elena.vasilyev69@example.com,+79413061224
70,Tatiana Smirnov,tatiana.smirnov70@example.com,+79254697684
71,Vladimir Kravtsov,vladimir.kravtsov71@example.com,+79385429460
72,Roman Volkova,roman.volkova72@example.com,+79750845198
73,Elena Ivanov,elena.ivanov73@example.com,+79891246046
74,Vladimir Morozov,vladimir.morozov74@example.com,+79008695125
75,Roman Petrova,roman.petrova75@example.com,+79977767507
76,Ludmila Nikolaeva,ludmila.nikolaeva76@example.com,+79894253959
77,Elena Sokolova,elena.sokolova77@example.com,+79651831074
78,Irina Sokolova,irina.sokolova78@example.com,+79683563240
79,Dmitry Kozlov,dmitry.kozlov79@example.com,+79269108475
80,Petr Smirnov,petr.smirnov80@example.com,+79970022337
81,Maria Volkova,maria.volkova81@example.com,+79846764061
82,Andrey Petrova,andrey.petrova82@example.com,+79622312633
83,Irina Kuznetsova,irina.kuznetsova83@example.com,+79096779973
84,Elena Lebedev,elena.lebedev84@example.com,+79802601465
85,Ksenia Popov,ksenia.popov85@example.com,+79215601773
86,Petr Bogdanova,petr.bogdanova86@example.com,+79941092399
87,Irina Orlov,irina.orlov87@example.com,+79538798023
88,Nikolay Popov,nikolay.popov88@example.com,+79275919523
89,Tatiana Volkova,tatiana.volkova89@example.com,+79801611993
90,Sergey Smirnov,sergey.smirnov90@example.com,+79502866993
91,Ivan Kuznetsova,ivan.kuznetsova91@example.com,+79809763993
92,Anna Novikov,anna.novikov92@example.com,+79908111216
93,Yulia Kozlova,yulia.kozlova93@example.com,+79096961971
94,Vladimir Ivanov,vladimir.ivanov94@example.com,+79283960237
95,Yulia Smirnov,yulia.smirnov95@example.com,+79488322781
96,Irina Morozov,irina.morozov96@example.com,+79627666622
97,Vladimir Kozlova,vladimir.kozlova97@example.com,+79116335741
98,Anna Nikolaeva,anna.nikolaeva98@example.com,+79026870011
99,Ludmila Bogdanova,ludmila.bogdanova99@example.com,+79352194058
100,Ludmila Sokolova,ludmila.sokolova100@example.com,+79695411453
101,Ivan Makarov,ivan.makarov101@example.com,+79976447539
102,Elena Fedorova,elena.fedorova102@example.com,+79125279834
103,Petr Petrova,petr.petrova103@example.com,+79039956218
104,Elena Nikolaeva,elena.nikolaeva104@example.com,+79124683417
105,Olga Sokolova,olga.sokolova105@example.com,+79952687430
106,Yulia Kuznetsova,yulia.kuznetsova106@example.com,+79417305280
107,Andrey Kozlova,andrey.kozlova107@example.com,+79719929088
108,Yulia Fedorova,yulia.fedorova108@example.com,+79630651895
109,Petr Fedorova,petr.fedorova109@example.com,+79703217037
110,Olga Nikolaeva,olga.nikolaeva110@example.com,+79661051532
111,Ksenia Morozov,ksenia.morozov111@example.com,+79035128844
112,Irina Vasilyev,irina.vasilyev112@example.com,+79476078963
113,Andrey Sokolova,andrey.sokolova113@example.com,+79918532650
114,Irina Smirnov,irina.smirnov114@example.com,+79736243579
115,Irina Bogdanova,irina.bogdanova115@example.com,+79968188935
116,Irina Petrova,irina.petrova116@example.com,+79427499187
117,Nikolay Vasilyev,nikolay.vasilyev117@example.com,+79131167999
118,Andrey Sidorov,andrey.sidorov118@example.com,+79711642514
119,Dmitry Kozlov,dmitry.kozlov119@example.com,+79022932394
120,Maria Lebedev,maria.lebedev120@example.com,+79261530104
121,Petr Kravtsov,petr.kravtsov121@example.com,+79220337809
122,Ivan Bogdanova,ivan.bogdanova122@example.com,+79222433532
123,Roman Vasilyev,roman.vasilyev123@example.com,+79873008988
124,Anna Lebedev,anna.lebedev124@example.com,+79831471931
125,Petr Kozlov,petr.kozlov125@example.com,+79003044648
126,Nikolay Kuznetsova,nikolay.kuznetsova126@example.com,+79139577989
127,Yulia Morozov,yulia.morozov127@example.com,+79857397689
128,Svetlana Smirnov,svetlana.smirnov128@example.com,+79709805235
129,Alex Kuznetsova,alex.kuznetsova129@example.com,+79015956152
130,Irina Sokolova,irina.sokolova130@example.com,+79632276010
131,Sergey Ivanov,sergey.ivanov131@example.com,+79187095435
132,Nikolay Petrova,nikolay.petrova132@example.com,+79136105947
133,Ksenia Orlov,ksenia.orlov133@example.com,+79122030010
134,Ivan Nikolaeva,ivan.nikolaeva134@example.com,+79481331845
135,Irina Orlov,irina.orlov135@example.com,+79637444033
136,Olga Makarov,olga.makarov136@example.com,+79540992677
137,Anna Kozlov,anna.kozlov137@example.com,+79046562851
138,Mikhail Volkova,mikhail.volkova138@example.com,+79491819409
139,Alex Petrova,alex.petrova139@example.com,+79514302907
140,Vladimir Fedorova,vladimir.fedorova140@example.com,+79736691577
141,Olga Nikolaeva,olga.nikolaeva141@example.com,+79764935082
142,Andrey Sidorov,andrey.sidorov142@example.com,+79965580338
143,Ivan Lebedev,ivan.lebedev143@example.com,+79653154389
144,Petr Sidorov,petr.sidorov144@example.com,+79135497187
145,Nikolay Kozlov,nikolay.kozlov145@example.com,+79679760958
146,Roman Bogdanova,roman.bogdanova146@example.com,+79764668242
147,Sergey Novikov,sergey.novikov147@example.com,+79641444618
148,Mikhail Volkova,mikhail.volkova148@example.com,+79487173220
149,Mikhail Kozlov,mikhail.kozlov149@example.com,+79461923010
150,Olga Smirnov,olga.smirnov150@example.com,+79915679227
151,Yulia Vasilyev,yulia.vasilyev151@example.com,+79461784080
152,Andrey Sokolova,andrey.sokolova152@example.com,+79444328940
153,Sergey Makarov,sergey.makarov153@example.com,+79428133274
154,Ksenia Smirnov,ksenia.smirnov154@example.com,+79335596237
155,Ksenia Lebedev,ksenia.lebedev155@example.com,+79714154134
156,Nikolay Kozlova,nikolay.kozlova156@example.com,+79163894795
157,Tatiana Sidorov,tatiana.sidorov157@example.com,+79097951867
158,Ivan Sidorov,ivan.sidorov158@example.com,+79463723880
159,Olga Kozlova,olga.kozlova159@example.com,+79871630639
160,Petr Bogdanova,petr.bogdanova160@example.com,+79064404084
161,Roman Bogdanova,roman.bogdanova161@example.com,+79603102938
162,Sergey Smirnov,sergey.smirnov162@example.com,+79441102414
163,Irina Fedorova,irina.fedorova163@example.com,+79932106843
164,Maria Volkova,maria.volkova164@example.com,+79644685429
165,Elena Kozlova,elena.kozlova165@example.com,+79111240259
166,Roman Orlov,roman.orlov166@example.com,+79228426553
167,Petr Nikolaeva,petr.nikolaeva167@example.com,+79240781088
168,Olga Kozlova,olga.kozlova168@example.com,+79907712792
169,Yulia Kozlova,yulia.kozlova169@example.com,+79123357166
170,Nikolay Kravtsov,nikolay.kravtsov170@example.com,+79242836476
171,Ksenia Bogdanova,ksenia.bogdanova171@example.com,+79824024405
172,Ludmila Kozlov,ludmila.kozlov172@example.com,+79724750726
173,Yulia Ivanov,yulia.ivanov173@example.com,+79653903309
174,Nikolay Ivanov,nikolay.ivanov174@example.com,+79193720285
175,Nikolay Volkova,nikolay.volkova175@example.com,+79989493377
176,Sergey Kozlova,sergey.kozlova176@example.com,+79006556040
177,Svetlana Kuznetsova,svetlana.kuznetsova177@example.com,+79608082645
178,Vladimir Sidorov,vladimir.sidorov178@example.com,+79152336745
179,Alex Sidorov,alex.sidorov179@example.com,+79801131404
180,Mikhail Vasilyev,mikhail.vasilyev180@example.com,+79403935666
181,Ksenia Makarov,ksenia.makarov181@example.com,+79366034277
182,Svetlana Kozlova,svetlana.kozlova182@example.com,+79334618074
183,Sergey Kravtsov,sergey.kravtsov183@example.com,+79640190407
184,Ivan Petrova,ivan.petrova184@example.com,+79167052653
185,Svetlana Kozlov,svetlana.kozlov185@example.com,+79053432064
186,Ivan Morozov,ivan.morozov186@example.com,+79475788930
187,Ksenia Nikolaeva,ksenia.nikolaeva187@example.com,+79651842899
188,Andrey Fedorova,andrey.fedorova188@example.com,+79293310667
189,Dmitry Orlov,dmitry.orlov189@example.com,+79122210617
190,Irina Fedorova,irina.fedorova190@example.com,+79119066986
191,Elena Kravtsov,elena.kravtsov191@example.com,+79522517939
192,Mikhail Volkova,mikhail.volkova192@example.com,+79048766522
193,Anna Novikov,anna.novikov193@example.com,+79643520276
194,Maria Ivanov,maria.ivanov194@example.com,+79219497661
195,Elena Vasilyev,elena.vasilyev195@example.com,+79823935280
196,Petr Morozov,petr.morozov196@example.com,+79310791488
197,Sergey Smirnov,sergey.smirnov197@example.com,+79008299923
198,Tatiana Fedorova,tatiana.fedorova198@example.com,+79188650860
199,Petr Novikov,petr.novikov199@example.com,+79571855941
200,Anna Orlov,anna.orlov200@example.com,+79599924859
